"name","Team_y","Position_y","HANDED","GP","G","A","P","Sh","Sh_perc","SALARY","PIM","Giveaways","Takeaways","Hits","Hits.Taken","blocked_shots","PlusMinus"
"Zemgus Girgensons","BUF","C","Left",68,12,7,19,85,0.14,"$1,600,000",10,11,13,110,71,20,-1
"Zack Smith","CHI","C","Left",50,4,7,11,43,0.09,"$3,250,000",29,14,21,112,71,18,2
"Zack Kassian","EDM","W","Right",59,15,19,34,99,0.15,"$2,000,000",69,45,26,157,54,8,0
"Zach Parise","MIN","W","Left",69,25,21,46,155,0.16,"$9,000,000",8,22,21,27,60,38,-11
"Zach Hyman","TOR","W","Right",51,21,16,37,106,0.2,"$2,500,000",23,16,32,52,101,23,13
"Zach Bogosian","BUF, T.B","D","Right",27,1,6,7,29,0.03,"$6,000,000",22,11,4,30,21,27,0
"Zach Bogosian","BUF, T.B","D","Right",27,1,6,7,29,0.03,"$1,300,000",22,11,4,30,21,27,0
"Zach Aston-Reese","PIT","C","Left",57,6,7,13,98,0.06,"$1,000,000",28,21,20,136,99,30,6
"Yanni Gourde","T.B","C","Left",70,10,20,30,110,0.09,"$6,300,000",49,14,48,78,114,20,-5
"William Nylander","TOR","W","Right",68,31,28,59,197,0.16,"$9,000,000",12,41,42,9,66,14,-2
"William Karlsson","VGK","C","Left",63,15,31,46,138,0.11,"$5,900,000",16,37,54,40,94,38,11
"William Carrier","VGK","W","Left",70,7,12,19,99,0.07,"$725,000",39,8,22,213,129,11,0
"Will Butcher","N.J","D","Left",55,4,17,21,62,0.06,"$3,500,000",6,27,10,31,54,75,-8
"Wayne Simmonds","BUF, N.J","W","Right",68,8,17,25,119,0.07,"$5,000,000",66,18,27,145,63,29,-21
"Vladislav Namestnikov","COL, NYR, OTT","W","Left",65,17,14,31,98,0.17,"$4,000,000",45,28,25,108,74,47,-5
"Vladislav Kamenev","COL","C","Left",38,1,7,8,32,0.03,"$750,000",8,7,18,34,21,16,-2
"Vladimir Tarasenko","STL","W","Left",10,3,7,10,26,0.12,"$9,500,000",0,5,3,17,4,7,-2
"Vladimir Sobotka","BUF","C","Left",16,1,2,3,23,0.04,"$3,000,000",4,3,3,26,18,7,2
"Vinnie Hinostroza","ARI","W","Right",69,5,17,22,132,0.04,"$1,500,000",14,20,30,51,94,26,1
"Vincent Trocheck","CAR, FLA","C","Right",62,11,27,38,141,0.08,"$5,250,000",49,64,51,101,96,37,-8
"Viktor Arvidsson","NSH","W","Right",57,15,13,28,127,0.12,"$4,250,000",26,24,15,27,88,24,-4
"Victor Rask","MIN","C","Left",43,5,8,13,38,0.13,"$4,000,000",6,5,13,26,22,8,7
"Victor Hedman","T.B","D","Left",66,11,44,55,155,0.07,"$8,000,000",31,40,47,73,73,98,27
"Valeri Nichushkin","COL","W","Left",64,13,14,27,113,0.12,"$3,200,000",14,18,38,84,55,22,26
"Valeri Nichushkin","COL","W","Left",64,13,14,27,113,0.12,"$850,000",14,18,38,84,55,22,26
"Tyson Barrie","TOR","D","Right",70,5,34,39,169,0.03,"$6,000,000",16,62,16,47,118,76,-7
"Tyler Toffoli","L.A, VAN","W","Right",68,24,20,44,203,0.12,"$4,800,000",20,34,35,48,65,16,-1
"Tyler Seguin","DAL","C","Right",69,17,33,50,245,0.07,"$13,500,000",22,52,34,90,31,31,-2
"Tyler Pitlick","PHI","C","Right",63,8,12,20,76,0.11,"$1,000,000",12,15,28,132,110,42,11
"Tyler Myers","VAN","D","Right",68,6,15,21,134,0.04,"$7,000,000",49,41,42,99,79,108,-7
"Tyler Motte","VAN","C","Left",33,4,4,8,38,0.11,"$975,000",10,9,16,118,37,37,-10
"Tyler Johnson","T.B","C","Right",65,14,17,31,113,0.12,"$5,500,000",16,20,14,62,43,22,9
"Tyler Ennis","EDM, OTT","W","Left",70,16,21,37,159,0.1,"$800,000",20,19,26,96,110,26,-6
"Tyler Bozak","STL","C","Right",67,13,16,29,109,0.12,"$5,250,000",10,20,29,32,43,33,0
"Tyler Bertuzzi","DET","W","Left",71,21,27,48,129,0.16,"$1,400,000",40,57,25,71,80,30,-23
"Tucker Poolman","WPG","D","Right",57,4,12,16,64,0.06,"$825,000",24,46,14,58,79,59,-1
"Troy Stecher","VAN","D","Right",68,5,12,17,86,0.06,"$2,325,000",32,25,16,69,118,70,10
"Troy Brouwer","STL","W","Right",13,1,0,1,12,0.08,"$4,500,000",7,2,1,24,8,6,1
"Troy Brouwer","STL","W","Right",13,1,0,1,12,0.08,"$750,000",7,2,1,24,8,6,1
"Trevor van Riemsdyk","CAR","D","Right",50,1,7,8,58,0.02,"$2,500,000",10,17,13,21,33,37,-7
"Trevor Moore","L.A, TOR","C","Left",42,6,4,10,60,0.1,"$750,000",6,20,21,60,56,17,-4
"Trevor Lewis","L.A","C","Right",57,6,6,12,92,0.07,"$2,000,000",16,14,11,68,72,22,-7
"Trevor Daley","DET","D","Left",44,0,7,7,37,0,"$2,200,000",20,21,5,9,24,44,-22
"Travis Zajac","N.J","C","Right",69,9,16,25,72,0.13,"$5,750,000",28,17,36,58,41,39,-12
"Travis Sanheim","PHI","D","Left",69,8,17,25,110,0.07,"$3,250,000",32,53,22,41,97,79,4
"Travis Konecny","PHI","W","Right",66,24,37,61,141,0.17,"$4,000,000",28,47,29,63,100,30,-1
"Travis Hamonic","CGY","D","Right",50,3,9,12,83,0.04,"$4,875,000",27,36,21,39,79,110,-3
"Travis Boyd","WSH","C","Right",24,3,7,10,26,0.12,"$800,000",2,6,7,14,26,9,9
"Torey Krug","BOS","D","Left",61,9,40,49,144,0.06,"$5,000,000",33,48,22,36,70,48,-4
"Tomas Tatar","MTL","W","Left",68,22,39,61,162,0.14,"$5,500,000",36,29,31,79,62,24,5
"Tomas Nosek","VGK","W","Left",68,8,7,15,93,0.09,"$1,000,000",20,16,22,91,108,38,-2
"Tomas Jurco","EDM","W","Left",12,0,2,2,7,0,"$750,000",4,2,6,4,20,3,1
"Tomas Hertl","S.J","C","Left",48,16,20,36,117,0.14,"$6,250,000",16,18,25,29,46,25,-18
"Tom Wilson","WSH","W","Right",68,21,23,44,154,0.14,"$4,500,000",93,40,25,253,90,58,-3
"Tom Kuhnhackl","NYI","W","Left",29,3,3,6,28,0.11,"$850,000",2,11,4,31,21,22,-4
"TJ Brodie","CGY","D","Left",63,4,15,19,65,0.06,"$4,838,000",36,52,34,20,88,87,7
"Timo Meier","S.J","W","Left",70,22,27,49,199,0.11,"$4,000,000",42,31,39,155,106,38,-22
"Tim Schaller","L.A, VAN","C","Left",55,5,1,6,49,0.1,"$1,900,000",14,9,14,51,39,28,-14
"Tim Heed","S.J","D","Right",38,1,4,5,44,0.02,"$960,000",2,17,10,16,31,30,-10
"Teuvo Teravainen","CAR","W","Left",68,15,48,63,182,0.08,"$6,250,000",8,44,44,18,39,30,20
"Teddy Blueger","PIT","C","Left",69,9,13,22,102,0.09,"$750,000",25,22,29,83,107,35,2
"Taylor Hall","ARI, N.J","W","Left",65,16,36,52,232,0.07,"$6,000,000",34,52,41,47,110,29,-14
"Taylor Fedun","DAL","D","Right",27,2,7,9,40,0.05,"$700,000",8,12,2,16,24,19,3
"Tanner Pearson","VAN","W","Left",69,21,24,45,164,0.13,"$3,850,000",27,33,37,96,82,40,-4
"T.J. Oshie","WSH","W","Right",69,26,23,49,133,0.2,"$6,500,000",26,45,42,90,80,58,4
"Sven Baertschi","VAN","W","Left",6,0,2,2,7,0,"$3,700,000",4,1,1,5,3,0,-2
"Steven Stamkos","T.B","C","Right",57,29,37,66,176,0.16,"$9,500,000",22,33,24,69,54,38,14
"Steven Kampfer","BOS","D","Right",10,0,2,2,13,0,"$800,000",2,1,4,15,16,8,2
"Steven Fogarty","NYR","C","Right",7,0,0,0,2,0,"$700,000",0,2,2,4,3,4,-1
"Stephen Johns","DAL","D","Right",17,2,3,5,30,0.07,"$2,800,000",10,11,5,50,24,20,0
"Stefan Matteau","CBJ","C","Left",9,2,1,3,18,0.11,"$700,000",5,1,2,27,11,10,0
"Sonny Milano","ANA, CBJ","W","Left",55,7,16,23,75,0.09,"$874,125",26,30,22,26,85,13,-7
"Slater Koekkoek","CHI","D","Left",42,1,9,10,47,0.02,"$925,000",42,27,9,64,71,58,3
"Sidney Crosby","PIT","C","Left",41,16,31,47,109,0.15,"$9,000,000",15,25,26,28,35,17,-8
"Sheldon Dries","COL","C","Left",5,0,0,0,2,0,"$735,000",0,1,0,16,4,2,-2
"Shea Weber","MTL","D","Right",65,15,21,36,185,0.08,"$6,000,000",33,79,18,112,62,114,8
"Shea Theodore","VGK","D","Left",71,13,33,46,219,0.06,"$5,200,000",25,54,55,20,102,69,12
"Shayne Gostisbehere","PHI","D","Left",41,5,7,12,73,0.07,"$5,250,000",20,27,9,14,32,37,-4
"Seth Jones","CBJ","D","Right",56,6,24,30,126,0.05,"$5,400,000",20,37,29,62,92,123,10
"Sebastian Aho","CAR","C","Left",68,38,28,66,206,0.18,"$12,000,000",26,58,71,55,68,20,10
"Sean Monahan","CGY","C","Left",70,22,26,48,166,0.13,"$6,750,000",25,36,43,65,30,22,-16
"Sean Kuraly","BOS","C","Left",70,6,17,23,95,0.06,"$1,475,000",34,27,28,145,82,31,-2
"Sean Couturier","PHI","C","Left",69,22,37,59,185,0.12,"$4,500,000",30,36,40,60,103,26,21
"Scott Wilson","BUF","W","Left",6,1,1,2,8,0.13,"$1,100,000",2,0,5,3,7,0,1
"Scott Mayfield","NYI","D","Right",68,5,8,13,98,0.05,"$1,200,000",53,70,21,93,79,117,8
"Scott Laughton","PHI","W","Left",49,13,14,27,74,0.18,"$2,300,000",26,21,22,109,35,26,13
"Scott Harrington","CBJ","D","Left",38,1,7,8,37,0.03,"$1,600,000",16,9,5,46,65,48,-3
"Samuel Morin","PHI","D","Left",9,0,0,0,0,0,"$700,000",0,2,1,2,4,0,-1
"Sami Vatanen","N.J","D","Right",47,5,18,23,95,0.05,"$4,500,000",22,24,14,50,51,80,-12
"Sam Reinhart","BUF","C","Right",69,22,28,50,144,0.15,"$3,750,000",20,33,21,36,81,27,-15
"Sam Gagner","DET, EDM","C","Right",42,6,7,13,79,0.08,"$3,200,000",12,21,12,22,35,10,-10
"Sam Carrick","ANA","C","Right",9,1,1,2,16,0.06,"$700,000",0,5,1,13,21,8,-3
"Sam Bennett","CGY","C","Left",52,8,4,12,82,0.1,"$2,550,000",36,22,19,101,37,13,-1
"Ryan Suter","MIN","D","Left",69,8,40,48,111,0.07,"$9,000,000",12,27,19,48,28,93,-6
"Ryan Strome","NYR","C","Right",70,18,41,59,154,0.12,"$3,200,000",48,54,27,45,56,32,21
"Ryan Reaves","VGK","W","Right",71,8,7,15,61,0.13,"$2,775,000",47,7,17,316,87,24,-5
"Ryan Pulock","NYI","D","Right",69,10,25,35,163,0.06,"$2,650,000",14,64,15,110,101,139,8
"Ryan O'Reilly","STL","C","Left",71,12,49,61,118,0.1,"$6,000,000",10,22,69,16,43,42,11
"Ryan Nugent-Hopkins","EDM","C","Left",65,22,39,61,172,0.13,"$6,000,000",33,39,54,33,65,44,1
"Ryan Murray","CBJ","D","Left",27,2,7,9,32,0.06,"$4,500,000",4,15,6,12,27,50,-9
"Ryan McDonagh","T.B","D","Left",50,1,11,12,50,0.02,"$8,400,000",19,32,25,36,41,101,7
"Ryan MacInnis","CBJ","C","Left",10,0,1,1,13,0,"$874,125",0,2,3,8,11,3,1
"Ryan Johansen","NSH","C","Right",68,14,22,36,101,0.14,"$8,000,000",45,24,38,39,51,34,-5
"Ryan Hartman","MIN","W","Right",69,9,11,20,114,0.08,"$1,900,000",69,14,34,44,51,54,4
"Ryan Graves","COL","D","Left",68,9,17,26,134,0.07,"$735,000",45,40,19,112,81,150,40
"Ryan Getzlaf","ANA","C","Right",69,13,29,42,143,0.09,"$8,275,000",58,76,53,125,47,69,-16
"Ryan Ellis","NSH","D","Right",49,8,30,38,114,0.07,"$7,700,000",19,36,24,48,55,96,16
"Ryan Dzingel","CAR","C","Left",64,8,21,29,98,0.08,"$3,250,000",30,19,15,36,34,25,3
"Ryan Donato","MIN","C","Left",62,14,9,23,95,0.15,"$1,650,000",12,13,21,53,72,14,5
"Ryan Carpenter","CHI","C","Right",68,3,12,15,80,0.04,"$1,000,000",28,29,30,117,85,48,-6
"Ross Johnston","NYI","W","Left",31,3,1,4,16,0.19,"$1,000,000",78,4,2,93,22,14,1
"Roman Polak","DAL","D","Right",40,0,4,4,34,0,"$1,750,000",24,22,4,104,36,94,-6
"Roman Josi","NSH","D","Left",69,16,49,65,260,0.06,"$4,000,000",41,68,34,52,107,108,22
"Rocco Grimaldi","NSH","W","Right",66,10,21,31,122,0.08,"$1,000,000",10,20,27,23,46,14,10
"Robert Hagg","PHI","D","Left",48,3,10,13,38,0.08,"$1,300,000",30,31,6,136,81,79,14
"Robert Bortuzzo","STL","D","Right",43,2,4,6,36,0.06,"$1,375,000",21,10,2,66,34,43,12
"Robby Fabbri","DET, STL","C","Left",62,15,17,32,111,0.14,"$900,000",20,39,13,75,93,14,-33
"Riley Sheahan","EDM","C","Left",65,8,7,15,70,0.11,"$900,000",6,25,36,26,59,33,-13
"Riley Nash","CBJ","C","Right",64,5,9,14,64,0.08,"$2,750,000",10,10,25,68,85,36,6
"Riley Barber","MTL","W","Right",9,0,0,0,6,0,"$700,000",2,2,0,15,17,1,-1
"Rickard Rakell","ANA","W","Right",65,15,27,42,186,0.08,"$3,800,000",12,42,30,81,83,29,-5
"Richard Panik","WSH","W","Left",59,9,13,22,67,0.13,"$3,200,000",36,29,21,75,59,19,16
"Reilly Smith","VGK","W","Left",71,27,27,54,169,0.16,"$5,000,000",20,41,58,55,90,30,17
"Rasmus Ristolainen","BUF","D","Right",69,6,27,33,128,0.05,"$5,400,000",46,24,17,203,146,82,-2
"Radko Gudas","WSH","D","Right",63,2,13,15,90,0.02,"$2,500,000",40,34,23,164,81,75,15
"Radek Faksa","DAL","C","Left",67,11,9,20,109,0.1,"$2,400,000",42,27,34,84,100,44,-6
"Phillip Danault","MTL","C","Left",71,13,34,47,131,0.1,"$3,000,000",32,50,34,119,92,37,18
"Phil Kessel","ARI","W","Right",70,14,24,38,153,0.09,"$7,000,000",22,41,19,11,42,20,-21
"Pavel Zacha","N.J","C","Left",65,8,24,32,97,0.08,"$1,750,000",14,31,35,62,53,19,-12
"Pavel Buchnevich","NYR","W","Left",68,16,30,46,148,0.11,"$3,000,000",24,64,38,80,99,22,2
"Paul Stastny","VGK","C","Left",70,17,21,38,136,0.13,"$6,500,000",24,18,41,63,45,32,6
"Paul LaDue","L.A","D","Right",2,0,1,1,2,0,"$850,000",0,1,1,2,4,3,0
"Paul Carey","BOS","C","Left",1,0,0,0,0,0,"$700,000",0,0,0,0,1,1,-1
"Paul Byron","MTL","W","Left",29,4,6,10,29,0.14,"$4,000,000",4,10,11,42,26,18,5
"Paul Byron","DET","D","Left",64,1,8,9,89,0.01,"$3,200,000",28,54,10,80,107,92,-10
"Patrik Laine","WPG","W","Right",68,28,35,63,226,0.12,"$6,000,000",22,57,41,97,54,35,8
"Patrick Russell","EDM","W","Right",45,0,5,5,58,0,"$700,000",12,13,9,64,70,25,-11
"Patrick Kane","CHI","W","Left",70,33,51,84,275,0.12,"$9,800,000",40,41,43,24,60,19,8
"Patrice Bergeron","BOS","C","Right",61,31,25,56,203,0.15,"$4,375,000",28,22,44,46,51,46,23
"Patric Hornqvist","PIT","W","Right",52,17,15,32,168,0.1,"$5,300,000",36,8,12,107,102,41,9
"Par Lindholm","BOS","C","Left",40,3,3,6,35,0.09,"$850,000",4,13,14,23,41,26,6
"P.K. Subban","N.J","D","Right",69,7,11,18,151,0.05,"$10,000,000",79,65,19,88,72,90,-21
"Oskar Sundqvist","STL","C","Right",58,12,11,23,97,0.12,"$2,250,000",28,11,36,60,75,26,5
"Oscar Klefbom","EDM","D","Left",62,5,29,34,159,0.03,"$4,500,000",24,58,36,45,132,180,-17
"Oscar Fantenberg","VAN","D","Left",35,1,5,6,45,0.02,"$850,000",6,11,7,67,56,62,-10
"Ondrej Palat","T.B","W","Left",69,17,24,41,128,0.13,"$5,300,000",22,34,41,145,82,61,25
"Ondrej Kase","ANA, BOS","W","Right",55,7,17,24,144,0.05,"$2,600,000",14,30,41,13,64,17,-7
"Olli Maatta","CHI","D","Left",65,4,13,17,80,0.05,"$4,083,300",20,57,22,119,165,110,0
"Oliver Ekman-Larsson","ARI","D","Left",67,9,21,30,135,0.07,"$8,000,000",38,45,19,129,118,65,-3
"Oliver Bjorkstrand","CBJ","W","Right",49,21,15,36,162,0.13,"$2,500,000",12,27,32,43,83,16,8
"Noel Acciari","FLA","C","Right",66,20,7,27,108,0.19,"$2,000,000",21,21,32,121,83,103,2
"Noah Hanifin","CGY","D","Left",71,5,17,22,132,0.04,"$4,950,000",12,63,38,82,46,89,-12
"Nino Niederreiter","CAR","W","Left",67,11,18,29,115,0.1,"$5,850,000",42,42,35,52,90,19,-3
"Nikolay Goldobin","VAN","W","Left",1,0,0,0,0,0,"$900,000",0,0,0,1,1,0,0
"Nikolaj Ehlers","WPG","W","Left",71,25,33,58,203,0.12,"$6,500,000",30,39,32,36,84,28,14
"Niklas Hjalmarsson","ARI","D","Left",26,1,4,5,18,0.06,"$6,000,000",14,20,11,20,29,45,-2
"Nikita Zaitsev","OTT","D","Right",57,1,11,12,64,0.02,"$4,500,000",22,44,20,108,86,121,-8
"Nikita Zadorov","COL","D","Left",65,4,9,13,65,0.06,"$3,200,000",65,35,23,175,65,66,6
"Nikita Kucherov","T.B","W","Left",68,33,52,85,210,0.16,"$12,000,000",38,59,30,37,70,19,26
"Nikita Gusev","N.J","W","Right",66,13,31,44,158,0.08,"$5,000,000",12,40,22,12,26,7,-15
"Nicolas Deslauriers","ANA","W","Left",59,7,6,13,64,0.11,"$950,000",92,10,10,137,55,32,-1
"Nicolas Aube-Kubel","PHI","W","Right",36,7,8,15,48,0.15,"$700,000",19,9,13,82,47,16,1
"Nico Sturm","MIN","C","Left",6,0,2,2,2,0,"$874,125",0,1,1,6,8,5,2
"Nicklas Backstrom","WSH","C","Left",61,12,42,54,132,0.09,"$8,000,000",14,42,34,30,43,45,-1
"Nick Shore","TOR, WPG","C","Right",60,3,3,6,45,0.07,"$750,000",20,16,14,55,38,20,1
"Nick Seeler","CHI, MIN","D","Left",13,0,1,1,5,0,"$750,000",15,7,1,19,18,21,-8
"Nick Schmaltz","ARI","C","Right",70,11,34,45,95,0.12,"$3,000,000",20,27,52,12,57,35,3
"Nick Ritchie","ANA, BOS","W","Left",48,9,12,21,78,0.12,"$1,400,000",97,20,11,102,47,17,1
"Nick Leddy","NYI","D","Left",60,3,18,21,72,0.04,"$6,000,000",14,52,17,62,69,72,-1
"Nick Jensen","WSH","D","Right",67,0,8,8,61,0,"$3,000,000",13,48,26,59,129,71,1
"Nick Holden","VGK","D","Left",61,6,8,14,101,0.06,"$1,800,000",13,35,26,129,123,74,-1
"Nick Foligno","CBJ","W","Left",67,10,21,31,131,0.08,"$5,500,000",62,35,39,212,54,50,-3
"Nick Cousins","MTL, VGK","C","Left",66,10,15,25,115,0.09,"$1,000,000",35,21,29,91,124,31,0
"Nick Bonino","NSH","C","Left",67,18,17,35,104,0.17,"$4,100,000",16,22,47,17,48,89,17
"Nick Bjugstad","PIT","C","Right",13,1,1,2,18,0.06,"$5,000,000",8,5,3,19,15,7,3
"Nic Dowd","WSH","C","Right",56,7,8,15,52,0.13,"$700,000",28,7,22,117,70,26,11
"Neal Pionk","WPG","D","Right",71,6,39,45,177,0.03,"$2,850,000",32,62,31,165,110,78,10
"Nazem Kadri","COL","C","Left",51,19,17,36,133,0.14,"$4,500,000",97,28,21,61,73,9,7
"Nathan Walker","STL","W","Left",5,1,1,2,6,0.17,"$700,000",4,1,0,10,4,1,-2
"Nathan MacKinnon","COL","C","Right",69,35,58,93,318,0.11,"$6,750,000",12,53,38,51,81,31,13
"Nathan Beaulieu","WPG","D","Left",38,1,7,8,38,0.03,"$1,000,000",29,23,6,62,34,47,15
"Nate Thompson","MTL, PHI","C","Left",71,4,11,15,67,0.06,"$1,000,000",30,33,25,118,83,50,-1
"Nate Schmidt","VGK","D","Left",58,7,24,31,112,0.06,"$8,800,000",12,39,33,25,52,91,11
"Morgan Rielly","TOR","D","Left",47,3,24,27,123,0.02,"$5,000,000",24,42,17,38,81,67,6
"Mitchell Marner","TOR","W","Right",59,16,51,67,154,0.1,"$16,000,000",16,71,64,24,55,37,6
"Mirco Mueller","N.J","D","Left",50,2,5,7,29,0.07,"$1,400,000",23,27,9,63,73,91,-13
"Miles Wood","N.J","W","Left",68,11,12,23,141,0.08,"$2,500,000",57,22,15,102,98,26,-19
"Milan Lucic","CGY","W","Left",69,8,12,20,83,0.1,"$6,000,000",54,42,19,198,87,20,-6
"Mikko Rantanen","COL","W","Left",42,19,22,41,107,0.18,"$12,000,000",14,16,34,28,85,23,-2
"Mikkel Boedker","OTT","W","Left",20,2,2,4,29,0.07,"$3,000,000",0,8,1,12,12,5,-1
"Mike Reilly","MTL, OTT","D","Left",44,1,15,16,85,0.01,"$1,500,000",24,39,9,39,68,46,-6
"Mike Hoffman","FLA","W","Left",69,29,30,59,214,0.14,"$5,650,000",28,52,31,33,51,22,-5
"Mike Green","DET, EDM","D","Right",50,3,8,11,76,0.04,"$5,250,000",32,41,12,61,76,66,-34
"Mikael Granlund","NSH","C","Left",63,17,13,30,130,0.13,"$6,500,000",28,34,24,42,86,55,-4
"Mikael Backlund","CGY","C","Left",70,16,29,45,157,0.1,"$5,850,000",26,55,64,44,54,11,3
"Mika Zibanejad","NYR","C","Right",57,41,34,75,208,0.2,"$5,350,000",14,43,42,51,86,49,9
"Miikka Salomaki","NSH","W","Left",5,1,0,1,2,0.5,"$750,000",4,3,1,9,6,3,2
"Micheal Haley","NYR","C","Left",20,1,0,1,9,0.11,"$700,000",50,5,1,36,12,6,-7
"Micheal Ferland","VAN","W","Left",14,1,4,5,15,0.07,"$4,500,000",7,1,2,40,8,2,-3
"Michal Kempny","WSH","D","Left",58,3,15,18,73,0.04,"$2,700,000",22,35,13,42,79,72,19
"Michael Stone","CGY","D","Right",33,2,5,7,57,0.04,"$3,500,000",16,9,6,52,42,54,-5
"Michael Raffl","PHI","W","Left",59,8,12,20,66,0.12,"$1,800,000",14,23,19,73,76,25,-2
"Michael Frolik","BUF, CGY","W","Left",56,6,8,14,70,0.09,"$3,000,000",28,28,32,32,71,22,-12
"Michael Del Zotto","ANA","D","Left",48,2,13,15,57,0.04,"$750,000",14,33,9,101,44,55,5
"Michael Dal Colle","NYI","W","Left",53,4,6,10,59,0.07,"$700,000",12,18,10,81,41,21,-8
"Melker Karlsson","S.J","C","Right",60,6,6,12,56,0.11,"$2,000,000",20,11,26,38,49,39,-7
"Max Pacioretty","VGK","W","Left",71,32,34,66,307,0.1,"$10,500,000",44,55,32,90,134,35,18
"Max Domi","MTL","C","Left",71,17,27,44,179,0.1,"$3,150,000",35,64,42,32,58,13,-3
"Mattias Janmark","DAL","C","Left",62,6,15,21,86,0.07,"$2,300,000",12,31,27,22,63,37,-5
"Mattias Ekholm","NSH","D","Left",67,8,25,33,154,0.05,"$4,000,000",32,50,51,49,76,100,-1
"Matthew Tkachuk","CGY","W","Left",69,23,38,61,188,0.12,"$5,000,000",74,86,40,122,83,22,-5
"Matthew Peca","MTL, OTT","C","Left",14,0,2,2,7,0,"$1,300,000",0,1,0,15,13,4,-4
"Matthew Benning","EDM","D","Right",42,1,7,8,38,0.03,"$2,000,000",15,19,12,78,79,34,8
"Matt Tennyson","N.J","D","Right",20,0,3,3,14,0,"$700,000",6,8,2,27,32,18,-2
"Matt Niskanen","PHI","D","Right",67,8,25,33,126,0.06,"$5,750,000",29,56,14,124,102,84,15
"Matt Nieto","COL","W","Left",70,8,13,21,85,0.09,"$1,975,000",6,17,19,37,89,23,7
"Matt Martin","NYI","W","Left",53,5,3,8,49,0.1,"$1,750,000",40,17,11,242,69,24,-1
"Matt Grzelcyk","BOS","D","Left",68,4,17,21,112,0.04,"$1,400,000",34,39,22,56,108,67,15
"Matt Dumba","MIN","D","Right",69,6,18,24,167,0.04,"$7,400,000",41,35,20,98,78,88,-7
"Matt Duchene","NSH","C","Left",66,13,29,42,136,0.1,"$10,000,000",24,36,31,40,70,22,-4
"Matt Calvert","COL","W","Left",50,12,13,25,89,0.13,"$2,925,000",39,13,21,58,77,22,13
"Mats Zuccarello","MIN","W","Left",65,15,22,37,96,0.16,"$5,000,000",18,17,33,13,50,36,-9
"Mathieu Perreault","WPG","W","Left",48,7,8,15,71,0.1,"$4,000,000",10,11,17,69,18,19,-9
"Markus Nutivaara","CBJ","D","Left",38,3,6,9,47,0.06,"$2,500,000",4,13,6,35,36,33,2
"Markus Granlund","EDM","C","Left",33,3,1,4,26,0.12,"$1,300,000",14,7,11,15,33,18,-1
"Marko Dano","CBJ","W","Left",3,0,0,0,2,0,"$800,000",2,1,1,5,2,3,-1
"Mark Stone","VGK","W","Right",65,21,42,63,168,0.13,"$12,000,000",27,38,78,56,64,51,15
"Mark Scheifele","WPG","C","Right",71,29,44,73,170,0.17,"$6,750,000",45,46,57,34,136,49,2
"Mark Pysyk","FLA","D","Right",58,9,9,18,64,0.14,"$3,500,000",20,15,26,47,42,38,4
"Mark Letestu","WPG","C","Right",7,0,0,0,5,0,"$700,000",0,1,0,3,6,5,0
"Mark Jankowski","CGY","C","Left",54,5,2,7,38,0.13,"$1,750,000",14,20,32,14,32,33,-12
"Mark Giordano","CGY","D","Left",60,5,26,31,157,0.03,"$6,750,000",34,51,36,42,85,148,2
"Mark Borowiecki","OTT","D","Left",53,7,11,18,63,0.11,"$1,200,000",58,30,10,199,84,120,1
"Mark Barberio","COL","D","Left",20,0,2,2,29,0,"$1,450,000",16,13,6,13,26,19,3
"Marcus Sorensen","S.J","W","Left",67,7,11,18,78,0.09,"$1,500,000",26,18,28,56,62,18,-12
"Marcus Pettersson","PIT","D","Left",69,2,20,22,79,0.03,"$874,125",35,38,17,106,258,84,9
"Marcus Johansson","BUF","W","Left",60,9,21,30,87,0.1,"$5,000,000",20,24,15,39,58,22,-12
"Marcus Foligno","MIN","W","Left",60,11,14,25,86,0.13,"$3,500,000",30,17,31,184,48,36,8
"Marco Scandella","BUF, MTL, STL","D","Left",62,4,9,13,77,0.05,"$4,750,000",20,49,18,78,64,60,14
"Marc Staal","NYR","D","Left",52,2,9,11,46,0.04,"$5,000,000",16,34,19,69,52,76,5
"Madison Bowey","DET","D","Right",53,3,14,17,70,0.04,"$1,000,000",34,45,14,53,67,58,-16
"MacKenzie Weegar","FLA","D","Right",45,7,11,18,77,0.09,"$1,600,000",33,38,25,76,69,71,6
"Mackenzie MacEachern","STL","W","Left",50,7,3,10,63,0.11,"$750,000",33,11,14,82,67,13,2
"Luke Witkowski","T.B","W","Right",12,1,2,3,10,0.1,"$700,000",13,2,2,38,13,3,-4
"Luke Schenn","T.B","D","Right",25,1,2,3,31,0.03,"$700,000",23,10,5,83,29,21,-8
"Luke Glendening","DET","C","Right",60,6,3,9,76,0.08,"$1,700,000",14,18,10,147,82,68,-29
"Lukas Radil","S.J","C","Left",14,0,0,0,12,0,"$700,000",8,4,4,16,17,2,-3
"Luca Sbisa","WPG","D","Left",43,2,8,10,49,0.04,"$750,000",37,26,4,91,67,71,1
"Loui Eriksson","VAN","W","Left",48,6,7,13,59,0.1,"$5,000,000",12,8,17,10,38,15,-2
"Logan Shaw","WPG","W","Right",36,3,2,5,20,0.15,"$700,000",0,5,2,24,23,13,0
"Logan Couture","S.J","C","Left",52,16,23,39,126,0.13,"$10,000,000",18,26,28,54,55,45,0
"Leon Draisaitl","EDM","C","Left",71,43,67,110,218,0.2,"$9,000,000",18,91,60,27,96,19,-7
"Leo Komarov","NYI","W","Left",48,4,10,14,46,0.09,"$3,500,000",10,16,13,123,43,29,2
"Lawson Crouse","ARI","W","Left",66,15,10,25,109,0.14,"$1,000,000",33,22,28,201,74,29,0
"Lars Eller","WSH","C","Left",68,16,23,39,151,0.11,"$4,000,000",48,41,44,59,118,44,3
"Kyle Palmieri","N.J","W","Right",65,25,20,45,155,0.16,"$5,000,000",41,28,29,74,72,36,-4
"Kyle Okposo","BUF","W","Right",51,9,10,19,82,0.11,"$6,000,000",28,13,15,55,53,15,-3
"Kyle Connor","WPG","W","Left",71,38,35,73,239,0.16,"$7,500,000",34,39,43,18,54,17,4
"Kyle Clifford","L.A, TOR","W","Left",68,7,10,17,110,0.06,"$1,900,000",68,17,11,133,105,15,-7
"Kris Russell","EDM","D","Left",56,0,9,9,45,0,"$4,000,000",14,38,31,71,75,101,0
"Kris Letang","PIT","D","Right",61,15,29,44,177,0.08,"$7,250,000",38,80,31,101,123,91,0
"Korbinian Holzer","ANA, NSH","D","Right",50,1,3,4,39,0.03,"$850,000",37,28,2,97,73,96,-2
"Kevin Shattenkirk","T.B","D","Right",69,8,26,34,131,0.06,"$6,600,000",38,34,32,62,103,66,22
"Kevin Shattenkirk","T.B","D","Right",69,8,26,34,131,0.06,"$1,750,000",38,34,32,62,103,66,22
"Kevin Labanc","S.J","W","Right",70,14,19,33,176,0.08,"$1,000,000",38,33,33,46,83,24,-33
"Kevin Hayes","PHI","C","Left",69,23,18,41,175,0.13,"$9,000,000",34,34,43,88,61,22,-6
"Kevin Gravel","TOR","D","Left",3,0,0,0,2,0,"$700,000",0,1,0,2,7,3,0
"Kevin Fiala","MIN","W","Left",64,23,31,54,175,0.13,"$2,500,000",42,35,33,25,60,18,-1
"Kevin Connauton","COL","D","Left",4,0,0,0,4,0,"$1,500,000",0,0,0,6,7,6,-2
"Keith Yandle","FLA","D","Left",69,5,40,45,129,0.04,"$5,750,000",20,66,25,18,12,51,0
"Kasperi Kapanen","TOR","W","Right",69,13,23,36,121,0.11,"$4,400,000",22,29,36,73,55,17,0
"Juuso Riikola","PIT","D","Left",37,1,6,7,38,0.03,"$850,000",6,16,8,74,76,24,3
"Justin Schultz","PIT","D","Right",46,3,9,12,86,0.03,"$6,000,000",6,18,6,36,98,50,-13
"Justin Faulk","STL","D","Right",70,5,11,16,147,0.03,"$6,000,000",32,39,24,82,61,76,-3
"Justin Dowling","DAL","C","Left",29,3,3,6,29,0.1,"$750,000",8,9,15,25,21,12,-3
"Justin Braun","PHI","D","Right",61,3,16,19,70,0.04,"$3,800,000",18,31,10,91,87,84,-2
"Justin Bailey","VAN","W","Right",2,0,0,0,1,0,"$750,000",0,1,0,4,1,0,0
"Jujhar Khaira","EDM","W","Left",63,6,4,10,69,0.09,"$1,100,000",38,36,15,136,90,30,-19
"Josh Manson","ANA","D","Right",50,1,8,9,64,0.02,"$4,250,000",37,41,21,113,67,65,-10
"Josh Leivo","VAN","W","Right",36,7,12,19,69,0.1,"$1,500,000",4,15,11,17,28,8,0
"Josh Bailey","NYI","W","Left",68,14,29,43,94,0.15,"$6,000,000",10,54,38,20,48,48,-12
"Josh Archibald","EDM","W","Right",62,12,9,21,64,0.19,"$1,000,000",12,11,24,165,86,44,-8
"Josh Anderson","CBJ","W","Right",27,1,3,4,63,0.02,"$2,100,000",17,12,9,68,26,13,-8
"Jordie Benn","VAN","D","Left",44,1,6,7,58,0.02,"$2,400,000",17,17,7,45,47,62,-7
"Jordan Weal","MTL","C","Right",48,8,7,15,86,0.09,"$1,300,000",14,12,22,32,45,21,-8
"Jordan Szwarz","OTT","W","Right",3,0,0,0,2,0,"$800,000",2,0,0,6,1,1,0
"Jordan Staal","CAR","C","Left",68,8,19,27,125,0.06,"$6,000,000",40,41,30,149,86,36,3
"Jordan Oesterle","ARI","D","Left",59,3,10,13,69,0.04,"$1,200,000",14,37,11,48,106,88,-9
"Jordan Martinook","CAR","W","Left",45,2,11,13,44,0.05,"$1,850,000",22,19,24,72,69,23,-2
"Jordan Eberle","NYI","W","Right",58,16,24,40,136,0.12,"$7,250,000",12,37,34,37,80,39,1
"Joonas Donskoi","COL","W","Right",65,16,17,33,111,0.14,"$4,900,000",26,20,28,25,113,38,2
"Jonathan Toews","CHI","C","Left",70,18,42,60,172,0.1,"$9,800,000",48,40,58,56,104,35,-2
"Jonathan Marchessault","VGK","C","Right",66,22,25,47,235,0.09,"$6,000,000",28,48,37,99,92,12,6
"Jonathan Huberdeau","FLA","W","Left",69,23,55,78,152,0.15,"$6,200,000",30,70,42,51,71,26,5
"Jonathan Ericsson","DET","D","Left",18,0,0,0,16,0,"$4,250,000",4,20,1,24,11,14,-12
"Jonathan Drouin","MTL","W","Left",27,7,8,15,51,0.14,"$5,500,000",14,11,12,25,13,5,-6
"Jonas Brodin","MIN","D","Left",68,2,26,28,103,0.02,"$4,750,000",24,16,14,41,102,112,15
"Jon Merrill","VGK","D","Left",50,2,5,7,37,0.05,"$1,475,000",32,27,14,51,122,71,9
"Johnny Gaudreau","CGY","W","Left",70,18,40,58,209,0.09,"$6,750,000",12,71,40,1,25,11,-10
"Johnny Boychuk","NYI","D","Right",65,2,9,11,96,0.02,"$6,000,000",14,50,6,135,116,128,-11
"John Tavares","TOR","C","Left",63,26,34,60,197,0.13,"$15,900,000",24,47,35,32,89,31,-7
"John Quenneville","CHI","C","Left",9,0,0,0,14,0,"$700,000",0,5,2,21,17,3,-1
"John Moore","BOS","D","Left",23,2,1,3,33,0.06,"$3,250,000",11,7,2,36,42,27,-2
"John Klingberg","DAL","D","Right",58,6,26,32,120,0.05,"$5,000,000",22,71,24,29,111,72,-10
"John Hayden","N.J","C","Right",44,3,1,4,39,0.08,"$800,000",77,7,13,87,40,27,-2
"John Carlson","WSH","D","Right",69,15,60,75,189,0.08,"$12,000,000",26,80,42,55,58,108,12
"Johan Larsson","BUF","C","Left",62,6,12,18,60,0.1,"$1,550,000",24,23,24,85,112,31,8
"Joel Persson","EDM","D","Right",13,0,2,2,17,0,"$1,000,000",2,8,2,6,15,10,-1
"Joel Eriksson Ek","MIN","C","Left",62,8,21,29,102,0.08,"$1,450,000",22,18,19,93,75,43,7
"Joel Edmundson","CAR","D","Left",69,7,13,20,97,0.07,"$3,100,000",72,45,23,118,74,91,7
"Joel Armia","MTL","W","Right",58,16,14,30,155,0.1,"$2,800,000",28,27,47,146,39,25,2
"Joe Pavelski","DAL","C","Right",67,14,17,31,125,0.11,"$8,000,000",29,27,38,62,44,52,6
"Joakim Ryan","L.A","D","Left",36,1,4,5,54,0.02,"$725,000",10,28,6,24,55,46,-10
"Joakim Nordstrom","BOS","C","Left",47,4,3,7,49,0.08,"$1,100,000",17,10,12,91,55,31,-6
"Jimmy Vesey","BUF","W","Left",65,9,11,20,93,0.1,"$2,350,000",15,16,26,43,42,20,12
"Jesper Fast","NYR","W","Right",69,12,17,29,84,0.14,"$1,950,000",20,32,24,125,106,53,16
"Jeff Skinner","BUF","W","Left",59,14,9,23,183,0.08,"$10,000,000",18,24,28,29,34,11,-22
"Jeff Petry","MTL","D","Right",71,11,29,40,158,0.07,"$4,000,000",26,88,30,177,118,79,-10
"Jeff Carter","L.A","C","Right",60,17,10,27,182,0.09,"$3,000,000",36,20,13,66,35,23,-21
"Jean-Sebastien Dea","BUF","C","Right",3,0,0,0,0,0,"$700,000",0,0,0,3,2,0,0
"Jean-Gabriel Pageau","NYI, OTT","C","Right",67,26,16,42,151,0.17,"$3,400,000",49,32,33,128,91,53,4
"Jayce Hawryluk","FLA, OTT","W","Right",26,3,7,10,26,0.12,"$874,125",16,12,11,65,19,9,1
"Jay Beagle","VAN","C","Right",53,2,6,8,49,0.04,"$3,200,000",38,7,14,69,20,42,-9
"Jason Zucker","MIN, PIT","W","Left",60,20,21,41,111,0.18,"$6,250,000",21,25,31,53,58,23,-4
"Jason Dickinson","DAL","C","Left",66,9,12,21,85,0.11,"$1,400,000",6,29,47,89,94,55,7
"Jason Demers","ARI","D","Right",50,0,11,11,53,0,"$3,600,000",25,32,15,76,58,70,5
"Jarred Tinordi","NSH","D","Left",28,1,4,5,20,0.05,"$700,000",34,18,1,71,53,36,-1
"Jared Spurgeon","MIN","D","Right",62,12,20,32,112,0.11,"$5,500,000",18,23,10,61,63,102,-1
"Jared McCann","PIT","C","Left",66,14,21,35,150,0.09,"$1,250,000",17,29,33,89,83,27,6
"Jani Hakanpaa","ANA","D","Right",5,1,0,1,4,0.25,"$850,000",2,1,0,15,8,7,1
"Jan Rutta","T.B","D","Right",33,1,6,7,43,0.02,"$1,300,000",14,8,2,19,42,21,6
"Jamie Oleksiak","DAL","D","Left",71,3,7,10,76,0.04,"$1,962,500",41,46,24,153,80,59,-6
"Jamie Benn","DAL","W","Left",68,19,20,39,163,0.12,"$13,000,000",53,56,52,167,73,57,-4
"James van Riemsdyk","PHI","W","Left",66,19,21,40,151,0.13,"$8,000,000",8,16,17,25,55,18,5
"James Neal","EDM","W","Left",55,19,12,31,112,0.17,"$5,750,000",12,29,24,88,48,17,-20
"Jakub Vrana","WSH","W","Left",69,25,27,52,187,0.13,"$3,700,000",18,42,31,29,40,16,3
"Jakub Voracek","PHI","W","Left",69,12,44,56,132,0.09,"$9,250,000",31,30,28,17,61,21,14
"Jakob Silfverberg","ANA","W","Right",66,21,18,39,155,0.14,"$5,250,000",14,32,40,28,89,41,0
"Jakob Chychrun","ARI","D","Left",63,12,14,26,149,0.08,"$2,600,000",38,52,27,75,130,95,4
"Jake Virtanen","VAN","W","Right",69,18,18,36,150,0.12,"$1,500,000",41,31,37,102,56,28,-4
"Jake Muzzin","TOR","D","Left",53,6,17,23,99,0.06,"$4,450,000",40,63,24,109,121,110,12
"Jake McCabe","BUF","D","Left",65,3,10,13,75,0.04,"$2,900,000",41,21,19,91,105,90,-11
"Jake Guentzel","PIT","W","Left",39,20,23,43,127,0.16,"$7,000,000",14,12,21,46,86,19,11
"Jake Gardiner","CAR","D","Left",69,4,20,24,87,0.05,"$3,650,000",30,39,32,43,107,42,-24
"Jake Bischoff","VGK","D","Left",2,0,0,0,6,0,"$700,000",4,2,0,8,10,8,-2
"Jaden Schwartz","STL","W","Left",71,22,35,57,162,0.14,"$5,750,000",18,29,50,60,115,28,3
"Jacob Trouba","NYR","D","Right",69,7,20,27,168,0.04,"$12,000,000",61,69,43,173,94,128,-12
"Jack Eichel","BUF","C","Right",68,36,42,78,227,0.16,"$10,000,000",34,66,44,40,73,42,5
"Jaccob Slavin","CAR","D","Left",68,6,30,36,145,0.04,"$5,500,000",10,49,81,43,94,107,30
"J.T. Miller","VAN","C","Left",69,27,45,72,165,0.16,"$6,000,000",47,36,52,123,61,38,11
"J.T. Compher","COL","W","Right",67,11,20,31,106,0.1,"$3,400,000",18,21,22,36,79,60,9
"Ivan Provorov","PHI","D","Left",69,13,23,36,150,0.09,"$6,750,000",24,67,16,84,117,111,11
"Ivan Barbashev","STL","C","Left",68,11,15,26,75,0.15,"$1,400,000",23,31,33,144,58,33,4
"Ilya Lyubushkin","ARI","D","Right",50,0,4,4,41,0,"$874,125",18,20,13,151,84,53,4
"Ian Cole","COL","D","Left",65,4,22,26,92,0.04,"$4,750,000",36,37,18,83,98,122,21
"Haydn Fleury","CAR","D","Left",45,4,10,14,65,0.06,"$850,000",8,26,17,48,55,45,-2
"Hampus Lindholm","ANA","D","Left",55,2,20,22,109,0.02,"$5,250,000",34,53,20,34,68,71,-10
"Gustav Olofsson","MTL","D","Left",3,0,0,0,2,0,"$700,000",2,1,0,1,3,6,-4
"Gustav Nyquist","CBJ","C","Left",70,15,27,42,151,0.1,"$6,000,000",16,41,27,37,57,26,4
"Greg Pateryn","MIN","D","Right",20,0,3,3,22,0,"$2,250,000",6,6,3,25,27,30,1
"Greg McKegg","NYR","C","Left",53,5,4,9,40,0.13,"$750,000",17,13,14,69,50,24,-2
"Garnet Hathaway","WSH","W","Right",67,9,7,16,80,0.11,"$2,000,000",79,16,21,189,93,46,6
"Gabriel Landeskog","COL","W","Left",54,21,23,44,145,0.14,"$6,000,000",47,25,39,86,93,35,-2
"Gabriel Dumont","MIN","C","Right",3,0,0,0,3,0,"$700,000",0,0,1,9,3,2,-1
"Gabriel Bourque","WPG","W","Left",50,2,4,6,33,0.06,"$700,000",7,14,5,125,65,40,-1
"Fredrik Claesson","N.J","D","Left",5,1,1,2,1,1,"$700,000",0,1,1,5,5,7,1
"Frans Nielsen","DET","C","Left",60,4,5,9,86,0.05,"$5,500,000",8,15,11,44,74,35,-13
"Frank Vatrano","FLA","C","Left",69,16,18,34,162,0.1,"$2,500,000",30,18,32,102,69,43,-8
"Filip Forsberg","NSH","W","Right",63,21,27,48,198,0.11,"$6,000,000",29,45,58,82,69,27,-7
"Evgeny Kuznetsov","WSH","C","Left",63,19,33,52,129,0.15,"$8,400,000",40,45,22,35,28,16,-2
"Evgeni Malkin","PIT","C","Left",55,25,49,74,171,0.15,"$9,500,000",58,69,70,38,88,22,7
"Evgeni Dadonov","FLA","W","Left",69,25,22,47,167,0.15,"$3,600,000",10,40,29,29,103,24,-7
"Evander Kane","S.J","W","Left",64,26,21,47,216,0.12,"$8,000,000",122,51,45,135,110,25,-12
"Evan Rodrigues","BUF, PIT","W","Right",45,6,4,10,75,0.08,"$2,000,000",14,13,14,24,47,15,-8
"Esa Lindell","DAL","D","Left",70,3,20,23,98,0.03,"$7,000,000",12,62,31,89,100,127,5
"Erik Karlsson","S.J","D","Right",56,6,34,40,120,0.05,"$14,500,000",16,68,52,26,57,74,-15
"Erik Johnson","COL","D","Right",59,3,13,16,99,0.03,"$6,000,000",20,27,32,97,72,115,9
"Erik Haula","CAR, FLA","W","Left",48,12,12,24,92,0.13,"$2,750,000",22,29,21,27,67,15,1
"Erik Gustafsson","CGY, CHI","D","Left",66,6,23,29,103,0.06,"$1,400,000",27,58,21,86,105,58,-9
"Erik Gudbranson","ANA, PIT","D","Right",50,4,5,9,78,0.05,"$4,500,000",95,33,0,89,86,58,0
"Eric Staal","MIN","C","Left",66,19,28,47,113,0.17,"$3,500,000",28,46,25,24,43,22,-9
"Eric Robinson","CBJ","W","Left",50,7,5,12,69,0.1,"$874,125",12,11,13,79,65,15,10
"Elias Lindholm","CGY","C","Right",70,29,25,54,169,0.17,"$5,850,000",22,33,38,93,41,41,-8
"Dylan Sikura","CHI","W","Left",9,1,2,3,10,0.1,"$700,000",0,0,2,0,7,2,1
"Dylan McIlrath","DET","D","Right",16,0,0,0,14,0,"$700,000",23,8,4,48,21,12,-4
"Dylan Larkin","DET","C","Left",71,19,34,53,223,0.09,"$7,000,000",39,81,43,52,60,45,-21
"Dylan DeMelo","OTT, WPG","D","Right",59,0,10,10,74,0,"$900,000",37,42,9,105,116,77,4
"Dustin Brown","L.A","W","Right",66,17,18,35,169,0.1,"$5,500,000",22,35,28,143,88,15,-1
"Duncan Keith","CHI","D","Left",61,3,24,27,111,0.03,"$3,500,000",18,74,42,26,64,117,1
"Dryden Hunt","FLA","W","Left",21,0,4,4,33,0,"$715,000",24,4,4,37,24,7,0
"Drew Doughty","L.A","D","Right",67,7,28,35,141,0.05,"$12,000,000",36,82,15,106,97,87,-16
"Drake Caggiula","CHI","C","Left",39,9,6,15,56,0.16,"$1,500,000",32,5,19,81,41,16,-3
"Dougie Hamilton","CAR","D","Right",47,14,26,40,170,0.08,"$6,000,000",32,40,22,52,27,63,30
"Dominik Simon","PIT","C","Left",65,7,15,22,102,0.07,"$750,000",12,31,41,57,71,20,-9
"Dominic Toninato","FLA","C","Left",46,4,7,11,38,0.11,"$775,000",37,13,17,57,53,28,4
"Dmitry Orlov","WSH","D","Left",69,4,23,27,105,0.04,"$6,500,000",36,65,49,106,57,82,5
"Dmitry Kulikov","WPG","D","Left",50,2,8,10,54,0.04,"$4,333,333",32,55,16,104,99,77,-4
"Devin Shore","ANA, CBJ","C","Left",44,5,7,12,50,0.1,"$2,400,000",8,8,12,52,47,14,-10
"Derrick Pouliot","STL","D","Left",2,0,0,0,1,0,"$700,000",2,1,0,2,3,1,-1
"Derick Brassard","NYI","C","Left",67,10,22,32,110,0.09,"$1,200,000",16,40,26,115,64,24,-2
"Derek Stepan","ARI","C","Right",70,10,18,28,158,0.06,"$5,000,000",16,28,38,43,66,54,-4
"Derek Ryan","CGY","C","Right",67,10,19,29,102,0.1,"$3,125,000",10,26,34,12,51,34,9
"Derek Grant","ANA, PHI","C","Left",56,15,10,25,94,0.16,"$700,000",30,11,20,54,53,25,1
"Derek Forbort","CGY, L.A","D","Left",20,0,1,1,22,0,"$2,800,000",4,16,2,35,33,30,-5
"Denis Malgin","FLA, TOR","C","Right",44,4,8,12,50,0.08,"$750,000",14,17,26,35,39,16,-9
"Dean Kukan","CBJ","D","Left",33,1,4,5,51,0.02,"$750,000",12,14,7,24,43,28,-9
"David Savard","CBJ","D","Right",69,0,11,11,97,0,"$5,000,000",35,43,18,129,101,163,-3
"David Perron","STL","W","Right",71,25,35,60,166,0.15,"$4,750,000",52,35,39,67,65,19,2
"David Pastrnak","BOS","W","Right",70,48,47,95,279,0.17,"$6,800,000",40,88,49,47,113,22,21
"David Krejci","BOS","C","Right",61,13,30,43,83,0.16,"$7,000,000",23,37,31,37,86,32,14
"David Kampf","CHI","C","Left",70,8,8,16,90,0.09,"$1,000,000",8,17,37,52,118,26,-11
"David Backes","ANA, BOS","W","Right",22,1,5,6,34,0.03,"$4,000,000",22,9,5,38,20,8,-1
"Darren Helm","DET","W","Left",67,9,7,16,102,0.09,"$3,000,000",37,30,24,88,65,26,-6
"Darnell Nurse","EDM","D","Left",72,5,28,33,170,0.03,"$3,200,000",48,54,26,172,73,141,-2
"Danton Heinen","ANA, BOS","W","Left",67,10,16,26,109,0.09,"$2,825,000",10,30,19,35,66,34,-2
"Danny DeKeyser","DET","D","Left",8,0,4,4,12,0,"$5,500,000",4,8,0,6,14,18,0
"Daniel Sprong","ANA","W","Right",8,1,1,2,17,0.06,"$750,000",0,0,1,4,6,3,-2
"Daniel Carr","NSH","W","Left",11,1,0,1,14,0.07,"$700,000",4,1,8,10,15,2,-5
"Damon Severson","N.J","D","Right",69,8,23,31,114,0.07,"$4,675,000",52,73,35,81,55,97,-20
"Dalton Prout","S.J","D","Right",2,0,0,0,2,0,"$800,000",7,0,2,3,3,3,0
"Dale Weise","MTL","W","Right",23,1,4,5,15,0.07,"$1,750,000",16,12,8,70,25,10,1
"Craig Smith","NSH","W","Right",69,18,13,31,184,0.1,"$4,750,000",34,26,26,60,63,19,18
"Cory Conacher","T.B","C","Left",4,0,1,1,5,0,"$700,000",4,1,5,3,3,1,-2
"Corey Perry","DAL","W","Right",57,5,16,21,77,0.06,"$8,000,000",70,26,17,60,46,33,-2
"Corey Perry","DAL","W","Right",57,5,16,21,77,0.06,"$1,500,000",70,26,17,60,46,33,-2
"Conor Sheary","BUF, PIT","W","Left",62,10,13,23,102,0.1,"$3,000,000",10,18,19,28,54,26,-5
"Conor Garland","ARI","W","Right",68,22,17,39,158,0.14,"$750,000",20,27,30,26,94,20,1
"Connor Murphy","CHI","D","Right",58,5,14,19,117,0.04,"$4,400,000",27,44,17,128,156,138,2
"Connor McDavid","EDM","C","Left",64,34,63,97,212,0.16,"$15,000,000",28,75,53,37,57,18,-6
"Connor Carrick","N.J","D","Right",29,1,5,6,25,0.04,"$1,500,000",17,12,5,27,52,39,-6
"Connor Brown","OTT","W","Right",70,16,27,43,173,0.09,"$2,100,000",24,40,52,39,65,35,-6
"Colton Sissons","NSH","C","Right",58,9,6,15,52,0.17,"$3,450,000",20,25,14,84,39,41,-2
"Colton Sceviour","FLA","C","Right",70,6,10,16,114,0.05,"$1,200,000",6,35,26,91,80,72,2
"Colton Parayko","STL","D","Right",64,10,18,28,162,0.06,"$5,525,000",16,41,33,87,109,106,8
"Colin Wilson","COL","C","Left",9,0,4,4,12,0,"$2,600,000",0,3,1,8,11,2,6
"Colin White","OTT","C","Right",61,7,16,23,83,0.08,"$4,000,000",39,29,23,47,100,30,-12
"Colin Miller","BUF","D","Right",50,1,10,11,79,0.01,"$3,875,000",22,29,9,87,43,40,-9
"Cole Bardreau","NYI","C","Right",10,1,1,2,10,0.1,"$700,000",6,4,4,21,7,1,-2
"Cody Goloubef","DET, OTT","D","Right",25,1,1,2,18,0.06,"$800,000",8,21,3,45,21,24,-3
"Cody Eakin","VGK, WPG","C","Left",48,5,10,15,61,0.08,"$3,850,000",16,21,23,49,60,16,-3
"Cody Ceci","TOR","D","Right",57,1,7,8,48,0.02,"$4,500,000",20,30,13,92,128,79,7
"Claude Giroux","PHI","C","Right",69,21,32,53,197,0.11,"$8,000,000",28,35,37,45,39,16,7
"Clark Bishop","CAR","C","Left",5,0,1,1,4,0,"$700,000",4,1,1,5,4,0,-2
"Christopher Tanev","VAN","D","Right",69,2,18,20,45,0.04,"$5,250,000",41,45,20,32,140,159,4
"Christian Wolanin","OTT","D","Left",3,0,0,0,4,0,"$800,000",0,2,0,0,3,4,1
"Christian Folin","MTL","D","Right",15,1,1,2,13,0.08,"$800,000",13,8,1,38,40,21,-1
"Christian Dvorak","ARI","W","Left",70,18,20,38,134,0.13,"$3,250,000",12,23,20,39,100,36,6
"Christian Djoos","ANA, WSH","D","Left",11,1,2,3,13,0.08,"$1,250,000",0,6,2,2,11,12,3
"Chris Wagner","BOS","W","Right",67,6,4,10,78,0.08,"$1,250,000",47,21,16,192,96,31,-8
"Chris Tierney","OTT","C","Left",71,11,26,37,102,0.11,"$2,975,000",20,42,32,44,41,37,-6
"Chris Stewart","PHI","W","Right",17,0,1,1,5,0,"$750,000",21,1,3,35,6,4,-7
"Chris Kreider","NYR","W","Left",63,24,21,45,156,0.15,"$4,000,000",58,61,22,116,45,42,13
"Chase De Leo","ANA","C","Left",1,0,0,0,1,0,"$750,000",0,0,0,1,1,0,0
"Charlie McAvoy","BOS","D","Right",67,5,27,32,101,0.05,"$3,700,000",41,68,37,131,177,131,24
"Charlie Coyle","BOS","C","Right",70,16,21,37,145,0.11,"$4,250,000",21,33,48,83,79,34,9
"Charles Hudon","MTL","W","Left",15,1,1,2,22,0.05,"$800,000",0,2,5,25,18,2,-9
"Chandler Stephenson","VGK, WSH","C","Left",65,11,15,26,73,0.15,"$1,050,000",16,22,37,52,73,32,24
"Chad Ruhwedel","PIT","D","Right",40,2,4,6,44,0.05,"$700,000",12,17,7,74,54,25,4
"Cedric Paquette","T.B","C","Left",60,7,11,18,78,0.09,"$1,650,000",42,9,17,175,55,49,-1
"Casey Cizikas","NYI","C","Left",48,10,4,14,67,0.15,"$3,750,000",41,28,38,133,75,39,12
"Carter Rowney","ANA","C","Right",70,8,11,19,63,0.13,"$1,000,000",14,26,24,189,66,42,5
"Carson Soucy","MIN","D","Left",56,7,7,14,61,0.11,"$750,000",18,16,17,69,59,50,16
"Carl Soderberg","ARI","C","Left",70,17,18,35,135,0.13,"$4,000,000",18,24,28,77,68,41,6
"Carl Hagelin","WSH","W","Left",58,8,17,25,107,0.07,"$3,500,000",16,24,24,24,43,19,12
"Carl Gunnarsson","STL","D","Left",37,2,5,7,31,0.06,"$1,750,000",16,14,3,27,49,51,8
"Carl Dahlstrom","WPG","D","Left",14,0,1,1,9,0,"$800,000",6,14,4,5,16,13,-4
"Cameron Gaunce","T.B","D","Left",3,1,3,4,5,0.2,"$700,000",4,0,0,5,4,2,2
"Cam Fowler","ANA","D","Left",59,9,20,29,117,0.08,"$7,500,000",20,31,21,25,61,58,0
"Cam Atkinson","CBJ","W","Right",44,12,14,26,148,0.08,"$7,375,000",6,21,26,18,18,21,2
"Calle Rosen","COL, TOR","D","Left",12,0,3,3,14,0,"$750,000",4,8,2,3,8,7,0
"Calle Jarnkrok","NSH","C","Right",64,15,19,34,136,0.11,"$2,200,000",14,11,19,28,68,27,4
"Cal Clutterbuck","NYI","W","Right",37,3,4,7,35,0.09,"$3,500,000",22,21,12,127,58,38,6
"Buddy Robinson","CGY","W","Right",5,1,0,1,6,0.17,"$700,000",7,1,2,14,8,5,0
"Bryan Rust","PIT","W","Right",55,27,29,56,151,0.18,"$3,500,000",30,37,29,71,87,35,14
"Bryan Little","WPG","C","Right",7,2,3,5,13,0.15,"$6,500,000",2,2,2,3,3,3,4
"Brock Nelson","NYI","C","Left",68,26,28,54,175,0.15,"$8,000,000",32,52,26,49,89,44,6
"Brock McGinn","CAR","W","Left",68,7,10,17,93,0.08,"$1,900,000",17,10,19,80,81,28,-4
"Brock Boeser","VAN","W","Right",57,16,29,45,169,0.09,"$4,000,000",14,22,20,28,41,14,4
"Brian Gibbons","CAR","C","Left",15,0,0,0,9,0,"$725,000",4,7,8,7,15,9,-7
"Brian Dumoulin","PIT","D","Left",28,1,7,8,35,0.03,"$4,100,000",10,13,13,44,78,35,17
"Brian Boyle","FLA","C","Left",39,6,9,15,56,0.11,"$940,000",17,13,16,65,21,34,-5
"Brett Ritchie","BOS","W","Right",27,2,4,6,34,0.06,"$1,000,000",21,4,3,89,39,3,-3
"Brett Pesce","CAR","D","Right",60,4,14,18,104,0.04,"$4,025,000",27,39,42,22,80,91,7
"Brett Kulak","MTL","D","Left",54,0,7,7,101,0,"$1,950,000",12,36,13,59,106,50,-1
"Brett Connolly","FLA","W","Right",69,19,14,33,117,0.16,"$3,500,000",26,22,28,56,72,17,-3
"Brent Seabrook","CHI","D","Right",31,3,1,4,40,0.08,"$7,500,000",8,27,3,52,44,61,1
"Brent Burns","S.J","D","Right",70,12,33,45,225,0.05,"$10,000,000",34,76,49,72,39,115,-22
"Brenden Dillon","S.J, WSH","D","Left",70,1,13,14,58,0.02,"$3,900,000",104,26,16,194,99,74,-2
"Brendan Smith","NYR","D","Left",62,3,5,8,45,0.07,"$4,525,000",71,24,18,90,68,41,-12
"Brendan Perlini","CHI, DET","W","Left",40,1,3,4,48,0.02,"$874,125",10,8,7,22,30,10,-18
"Brendan Lemieux","NYR","W","Left",58,6,12,18,86,0.07,"$925,000",111,30,15,164,83,52,-14
"Brendan Gallagher","MTL","W","Right",59,22,21,43,226,0.1,"$4,000,000",29,18,39,53,69,29,9
"Braydon Coburn","T.B","D","Left",40,1,3,4,44,0.02,"$1,800,000",16,5,3,59,51,28,5
"Brayden Schenn","STL","C","Left",71,25,33,58,138,0.18,"$4,500,000",44,39,26,119,72,21,3
"Brayden Point","T.B","C","Right",66,25,39,64,141,0.18,"$5,250,000",11,19,30,24,90,30,28
"Brayden McNabb","VGK","D","Left",69,2,7,9,73,0.03,"$2,500,000",40,32,32,201,96,133,1
"Brandon Tanev","PIT","W","Left",68,11,14,25,95,0.12,"$3,500,000",16,37,33,244,171,65,-1
"Brandon Sutter","VAN","C","Right",44,8,9,17,76,0.11,"$4,500,000",25,9,15,18,26,15,1
"Brandon Saad","CHI","W","Left",58,21,12,33,140,0.15,"$6,750,000",16,25,40,36,57,19,2
"Brandon Pirri","VGK","C","Left",15,0,2,2,24,0,"$775,000",8,4,8,16,19,5,-4
"Brandon Montour","BUF","D","Right",55,5,13,18,86,0.06,"$3,525,000",28,27,12,60,68,53,13
"Brandon Manning","EDM","D","Left",9,1,0,1,8,0.13,"$2,000,000",17,8,1,10,8,6,-1
"Brandon Carlo","BOS","D","Right",68,4,15,19,111,0.04,"$2,200,000",33,32,31,126,150,76,16
"Brady Skjei","CAR, NYR","D","Left",67,8,16,24,139,0.06,"$5,400,000",45,55,36,103,98,96,-10
"Brad Richardson","ARI","W","Left",58,6,5,11,76,0.08,"$1,400,000",20,18,12,77,51,44,1
"Brad Marchand","BOS","W","Left",70,28,59,87,185,0.15,"$7,500,000",82,71,43,55,95,19,25
"Brad Hunt","MIN","D","Left",59,8,11,19,106,0.08,"$700,000",6,14,15,12,32,39,-7
"Boone Jenner","CBJ","C","Left",71,11,13,24,179,0.06,"$4,000,000",36,28,24,109,65,80,-14
"Bo Horvat","VAN","C","Left",69,22,31,53,178,0.12,"$5,775,000",21,27,28,55,56,66,-15
"Blake Wheeler","WPG","W","Right",71,22,43,65,180,0.12,"$10,000,000",37,46,37,102,59,51,1
"Blake Comeau","DAL","W","Right",55,8,8,16,74,0.11,"$2,600,000",36,27,21,107,41,24,-6
"Blake Coleman","N.J, T.B","C","Left",67,21,11,32,200,0.11,"$1,800,000",56,21,48,191,65,46,0
"Ben Street","N.J","C","Left",3,0,1,1,4,0,"$750,000",0,0,0,3,2,0,1
"Ben Hutton","L.A","D","Left",64,4,12,16,114,0.04,"$1,500,000",14,41,12,51,84,76,5
"Ben Chiarot","MTL","D","Left",70,9,12,21,130,0.07,"$3,500,000",61,86,18,152,141,128,5
"Barclay Goodrow","S.J, T.B","W","Left",70,8,18,26,102,0.08,"$1,000,000",97,23,44,162,79,66,-8
"Auston Matthews","TOR","C","Left",70,47,33,80,290,0.16,"$15,900,000",8,48,78,40,82,60,19
"Austin Watson","NSH","W","Right",54,6,8,14,50,0.12,"$1,200,000",65,20,18,131,41,48,-9
"Austin Czarnik","CGY","C","Right",8,2,1,3,9,0.22,"$1,250,000",0,2,6,1,5,2,1
"Artturi Lehkonen","MTL","W","Left",69,13,14,27,140,0.09,"$2,400,000",24,22,30,120,109,38,2
"Artemi Panarin","NYR","W","Right",69,32,63,95,209,0.15,"$14,000,000",20,82,56,25,50,18,36
"Artem Anisimov","OTT","C","Left",49,15,5,20,87,0.17,"$4,000,000",8,16,19,6,43,25,-15
"Anze Kopitar","L.A","C","Left",70,21,41,62,135,0.16,"$11,000,000",16,49,39,49,68,56,6
"Antti Suomela","S.J","C","Left",20,1,6,7,18,0.06,"$700,000",4,4,6,27,25,5,4
"Anton Stralman","FLA","D","Right",68,5,14,19,89,0.06,"$5,500,000",14,48,40,68,89,96,-6
"Anton Lindholm","COL","D","Left",4,0,1,1,1,0,"$735,000",0,0,0,5,2,5,1
"Antoine Roussel","VAN","W","Left",41,7,6,13,55,0.13,"$3,800,000",43,13,7,44,55,14,0
"Anthony Mantha","DET","W","Left",43,16,22,38,137,0.12,"$3,300,000",34,30,22,49,23,25,-7
"Anthony Duclair","OTT","W","Left",66,23,17,40,184,0.13,"$1,650,000",18,46,18,53,74,39,-5
"Anthony Bitetto","WPG","D","Left",50,0,8,8,54,0,"$700,000",32,22,16,145,68,50,3
"Anthony Beauvillier","NYI","W","Left",68,18,21,39,132,0.14,"$1,800,000",15,51,29,86,134,36,-11
"Andy Greene","N.J, NYI","D","Left",64,2,12,14,60,0.03,"$5,000,000",16,41,16,30,74,155,1
"Andy Andreoff","PHI","C","Left",14,0,1,1,14,0,"$750,000",2,0,1,20,12,4,-3
"Andrew Shaw","CHI","W","Right",26,3,7,10,46,0.07,"$3,250,000",33,15,12,74,50,9,-4
"Andrew Mangiapane","CGY","W","Left",68,17,15,32,109,0.16,"$715,000",18,29,38,73,55,25,4
"Andrew Ladd","NYI","W","Left",4,1,0,1,5,0.2,"$5,000,000",4,1,0,23,7,0,2
"Andrew Copp","WPG","C","Left",63,10,16,26,121,0.08,"$2,260,000",10,27,38,59,74,27,-3
"Andrew Cogliano","DAL","C","Left",67,3,11,14,68,0.04,"$3,250,000",30,20,24,86,44,31,2
"Andrej Sekera","DAL","D","Left",57,2,6,8,63,0.03,"$4,500,000",14,50,8,34,90,75,9
"Andrej Sekera","DAL","D","Left",57,2,6,8,63,0.03,"$1,500,000",14,50,8,34,90,75,9
"Andreas Johnsson","TOR","W","Left",43,8,13,21,78,0.1,"$5,000,000",14,20,13,43,52,21,0
"Andreas Athanasiou","DET, EDM","W","Left",55,11,15,26,129,0.09,"$3,000,000",30,31,15,36,47,24,-46
"Andre Burakovsky","COL","W","Left",58,20,25,45,103,0.19,"$3,250,000",22,33,27,26,83,34,11
"Anders Lee","NYI","W","Left",68,20,23,43,195,0.1,"$9,000,000",47,44,24,102,82,50,8
"Alexander Steen","STL","W","Left",55,7,10,17,71,0.1,"$5,500,000",12,12,16,26,51,47,7
"Alexander Radulov","DAL","W","Left",60,15,19,34,132,0.11,"$6,600,000",46,44,26,48,53,42,8
"Alexander Kerfoot","TOR","C","Left",65,9,19,28,88,0.1,"$5,000,000",32,33,28,48,121,41,-2
"Alexander Edler","VAN","D","Left",59,5,28,33,118,0.04,"$7,000,000",62,43,9,108,127,162,13
"Alex Tuch","VGK","W","Right",43,8,9,17,98,0.08,"$4,750,000",8,27,27,58,44,20,-10
"Alex Pietrangelo","STL","D","Right",70,16,36,52,225,0.07,"$7,500,000",20,45,43,47,112,89,11
"Alex Ovechkin","WSH","W","Right",68,48,19,67,311,0.15,"$10,000,000",30,48,28,184,43,30,-12
"Alex Killorn","T.B","W","Left",68,26,23,49,130,0.2,"$4,450,000",20,26,27,59,74,15,19
"Alex Iafallo","L.A","W","Left",70,17,26,43,142,0.12,"$2,400,000",14,11,18,49,81,47,1
"Alex Goligoski","ARI","D","Left",70,4,28,32,101,0.04,"$5,800,000",24,53,7,91,94,134,8
"Alex Galchenyuk","MIN, PIT","C","Left",59,8,16,24,86,0.09,"$4,900,000",16,20,5,52,68,17,-5
"Alex Chiasson","EDM","W","Right",65,11,13,24,97,0.11,"$2,150,000",42,20,14,56,91,15,-3
"Alex Biega","DET","D","Right",50,0,3,3,55,0,"$700,000",24,30,4,115,70,46,-9
"Aleksander Barkov","FLA","C","Left",66,20,42,62,172,0.12,"$6,900,000",18,52,51,21,72,35,2
"Alec Martinez","L.A, VGK","D","Left",52,3,13,16,75,0.04,"$4,150,000",23,32,14,43,75,117,-4
"Alan Quine","CGY","C","Left",9,1,0,1,12,0.08,"$735,000",4,1,2,6,3,2,-1
"Adrian Kempe","L.A","C","Left",70,11,21,32,148,0.07,"$1,250,000",29,27,24,71,55,17,-10
"Adam Pelech","NYI","D","Left",38,1,8,9,49,0.02,"$1,925,000",20,48,32,81,63,83,4
"Adam Lowry","WPG","C","Left",50,4,6,10,68,0.06,"$2,750,000",23,11,31,137,66,22,-4
"Adam Larsson","EDM","D","Right",50,1,5,6,61,0.02,"$5,050,000",35,35,16,112,65,82,0
"Adam Henrique","ANA","C","Left",70,26,17,43,169,0.15,"$5,825,000",20,32,26,75,40,32,-2
"Adam Erne","DET","W","Left",56,2,3,5,63,0.03,"$1,050,000",28,27,5,142,32,25,-24
"Aaron Ness","ARI","D","Left",25,0,1,1,11,0,"$725,000",0,8,1,17,49,20,1
"Aaron Ekblad","FLA","D","Right",67,5,36,41,147,0.03,"$9,000,000",26,74,37,34,56,84,12
